Home Products from Amazon Brands,"https://m.media-amazon.com/images/I/419TiCXsO-L._AC_UF226,226_FMjpg_.jpg"
"Beauty, Fragrance and Self Care Gifting Favorites","https://m.media-amazon.com/images/I/41gfOQnphrL._AC_UF226,226_FMjpg_.jpg"
"Ring Indoor Cam (2nd Gen), 3-pack","https://m.media-amazon.com/images/I/31cHqmPiHlL._AC_UF226,226_FMjpg_.jpg"
30% off Grubhub,"https://m.media-amazon.com/images/I/61zWcjkplCL._AC_UF226,226_FMjpg_.png"
PlayStation 5 Console -  Marvelâ€™s Spider-Man 2 Bundle (slim),"https://m.media-amazon.com/images/I/61cygbdPK9L._AC_UF226,226_FMjpg_.jpg"
"Save on Gifts from Pre-loved Dior, Saint Laurent, and more","https://m.media-amazon.com/images/I/81mss7VzWvL._AC_UF226,226_FMjpg_.png"
Echo Dot (5th Gen) Kids with Free Echo Glow,"https://m.media-amazon.com/images/I/41tu1F0JyTL._AC_UF226,226_FMjpg_.jpg"
Blink Mini - 4 Camera Bundle,"https://m.media-amazon.com/images/I/31jQ7D2FaWL._AC_UF226,226_FMjpg_.jpg"
Blink Smart Home Security Doorbells and Cameras,"https://m.media-amazon.com/images/I/31edW1EFC3L._AC_UF226,226_FMjpg_.jpg"
Amazon Fire Tablets,"https://m.media-amazon.com/images/I/51pau7r561L._AC_UF226,226_FMjpg_.jpg"
"Sony Headphones, Speakers and Home Theater","https://m.media-amazon.com/images/I/31BXEEUVfFL._AC_UF226,226_FMjpg_.jpg"
"Select Furniture from Vecelo, Flash Furniture, Lucid and more","https://m.media-amazon.com/images/I/51Fnsr6BJ0L._AC_UF226,226_FMjpg_.jpg"
Amazon Essentials Men's Apparel,"https://m.media-amazon.com/images/I/31ErT4djdOL._AC_UF226,226_FMjpg_.jpg"
Toys Under $20,"https://m.media-amazon.com/images/I/51kZmRLNSQL._AC_UF226,226_FMjpg_.jpg"
Keurig Coffee Brewers,"https://m.media-amazon.com/images/I/41jGc5T2nVL._AC_UF226,226_FMjpg_.jpg"
Samsung A8 Tablets,"https://m.media-amazon.com/images/I/41q00wcgGJL._AC_UF226,226_FMjpg_.jpg"
Amazon Essentials Women's Apparel,"https://m.media-amazon.com/images/I/31H4ycdM1FL._AC_UF226,226_FMjpg_.jpg"
Bose Outloud Speakers,"https://m.media-amazon.com/images/I/417H867+1nL._AC_UF226,226_FMjpg_.jpg"
Ring Doorbells and Cameras,"https://m.media-amazon.com/images/I/21fAw4hLYNL._AC_UF226,226_FMjpg_.jpg"
Save on Batteries from Energizer & Rayovac,"https://m.media-amazon.com/images/I/61D3h7oMBhL._AC_UF226,226_FMjpg_.jpg"
"Dolls from Barbie, Monster High, Polly Pocket and More","https://m.media-amazon.com/images/I/51lfOJrWXNL._AC_UF226,226_FMjpg_.jpg"
Samsung S6 Lite Tablets,"https://m.media-amazon.com/images/I/41tVwq-ci4L._AC_UF226,226_FMjpg_.jpg"
Waterpik Oral Care,"https://m.media-amazon.com/images/I/41chA5JFydL._AC_UF226,226_FMjpg_.jpg"
"Ninja Air Fryer, Coffee maker, Oven, Multicooker and more","https://m.media-amazon.com/images/I/41SOX63H-GL._AC_UF226,226_FMjpg_.jpg"
"KitchenAid Stand Mixers, Blenders, Toasters and more","https://m.media-amazon.com/images/I/41Ui9pkrWZL._AC_UF226,226_FMjpg_.jpg"
"Braun IPL Long Lasting Hair Removal, Electric Shavers, and Stylers","https://m.media-amazon.com/images/I/81zqKJnNq+L._AC_UF226,226_FMjpg_.jpg"
"Select Furniture from Zinus, Furinno & More","https://m.media-amazon.com/images/I/41jMa4LlTJL._AC_UF226,226_FMjpg_.jpg"
Nespresso Coffee and Espresso Machines,"https://m.media-amazon.com/images/I/31LezSva+wL._AC_UF226,226_FMjpg_.jpg"
"Bedding, Bath and Kitchen from Tempur Sealy, Sweet Home Collection and more","https://m.media-amazon.com/images/I/51CHXNLKMdL._AC_UF226,226_FMjpg_.jpg"
National Geographic Educational Toys and Activity Kits,"https://m.media-amazon.com/images/I/51HmAVEArlL._AC_UF226,226_FMjpg_.jpg"
Select Mattresses & more from Zinus,"https://m.media-amazon.com/images/I/51WwBC1knIL._AC_UF226,226_FMjpg_.jpg"
"Men's, Women's, and Kids' Clothing from Amazon Brands","https://m.media-amazon.com/images/I/717kLpjZ6hL._AC_UF226,226_FMjpg_.jpg"
"NERF, Marvel, Transformers and More.","https://m.media-amazon.com/images/I/51HelCtzC6L._AC_UF226,226_FMjpg_.jpg"
Amazon eero mesh Wi-Fi systems and routers,"https://m.media-amazon.com/images/I/21OruQ0sAnL._AC_UF226,226_FMjpg_.jpg"
Belkin Wireless Accessories,"https://m.media-amazon.com/images/I/31yQ3O5nHHL._AC_UF226,226_FMjpg_.jpg"
"Brita Water Bottles, Pitchers, and Filters","https://m.media-amazon.com/images/I/41xx5YsP2pL._AC_UF226,226_FMjpg_.jpg"
"Learning Toys from PlayShifu, Learning Resources, and Osmo","https://m.media-amazon.com/images/I/517UZv-qqlL._AC_UF226,226_FMjpg_.jpg"
"Preschool Toys from VTech, Battat and more","https://m.media-amazon.com/images/I/51IDc2emu+S._AC_UF226,226_FMjpg_.jpg"
Calvin Klein Apparel and Underwear,"https://m.media-amazon.com/images/I/61oZzqCQyOL._AC_UF226,226_FMjpg_.jpg"
Nostalgia Kitchen Appliances,"https://m.media-amazon.com/images/I/518jF5UZcXL._AC_UF226,226_FMjpg_.jpg"
"ASUS Laptops, Desktops and More","https://m.media-amazon.com/images/I/41Kx-AtL0FL._AC_UF226,226_FMjpg_.jpg"
Mattel Toys and Games,"https://m.media-amazon.com/images/I/51SEmxbQAcL._AC_UF226,226_FMjpg_.jpg"
Izzo Golf Accessories and Electronics,"https://m.media-amazon.com/images/I/51KqL-8ufbL._AC_UF226,226_FMjpg_.jpg"
Hydro Flask Travel Tumblers,"https://m.media-amazon.com/images/I/21Qdd1BujYL._AC_UF226,226_FMjpg_.jpg"
"Save on Philips Norelco Shaver 3800, Rechargeable Wet & Dry Shaver with Pop-up Trimmer, Charging Stand and Storage Pouch, ...","https://m.media-amazon.com/images/I/51-4Tm1XY2L._AC_UF226,226_FMjpg_.jpg"
Google Pixel Buds and Watch,"https://m.media-amazon.com/images/I/31+1+CDIdWL._AC_UF226,226_FMjpg_.jpg"
Cricut Machines and Extensions,"https://m.media-amazon.com/images/I/41ab99tY6HL._AC_UF226,226_FMjpg_.jpg"
National Geographic Rock Tumblers and Accessories,"https://m.media-amazon.com/images/I/51BG0sd3X4L._AC_UF226,226_FMjpg_.jpg"
"Ninja Coffee Maker, Outdoor Grill and Outdoor Oven","https://m.media-amazon.com/images/I/51WOi9-0FBL._AC_UF226,226_FMjpg_.jpg"
LEVOIT Core 300 Air Purifier,"https://m.media-amazon.com/images/I/417cIMg3ceL._AC_UF226,226_FMjpg_.jpg"
Chemical Guys Car Wash Products,"https://m.media-amazon.com/images/I/416uoNYOsXL._AC_UF226,226_FMjpg_.jpg"
Tile Item Finders,"https://m.media-amazon.com/images/I/31mBZtN006L._AC_UF226,226_FMjpg_.jpg"
Intel 12th and 13th Gen Processors,"https://m.media-amazon.com/images/I/31Lf3FVpZRL._AC_UF226,226_FMjpg_.jpg"
"Bean Bags and Children's Furniture from CordaRoy's, Max & Lily and More","https://m.media-amazon.com/images/I/51SO2v60mOL._AC_UF226,226_FMjpg_.jpg"
"Save on Panasonic Electric Razor for Men, Electric Shaver, ARC6 Six-Blade Electric Razor with Premium Automatic Cleaning a...","https://m.media-amazon.com/images/I/41rGdVyOBOL._AC_UF226,226_FMjpg_.jpg"
American Flat Home Decor December Deal,"https://m.media-amazon.com/images/I/51t6DMAFjgL._AC_UF226,226_FMjpg_.jpg"
Samsung Galaxy S23 Series,"https://m.media-amazon.com/images/I/31EybOK126L._AC_UF226,226_FMjpg_.jpg"
Oral Care Essentials from Oral-B,"https://m.media-amazon.com/images/I/41-X5OUwxxL._AC_UF226,226_FMjpg_.jpg"
Instant Pot Pressure Cookers and Coffee Makers,"https://m.media-amazon.com/images/I/31L3GeqQ+AL._AC_UF226,226_FMjpg_.jpg"
"SodaStream Soda Makers, Bottles and Flavors","https://m.media-amazon.com/images/I/610WwzA-ZwL._AC_UF226,226_FMjpg_.jpg"
